Author,Comment,PublishedAt,LikeCount,ReplyCount
@denizusta3306,Fatih&#39;in yaptÄ±klarÄ±nÄ± bile unutur oldunuz herhalde erkek diye daha bile devam ediyordu hatalarÄ±na,2023-12-24T08:52:56Z,0,0
@Eylul0-xj4gc,Åu sinsi doÄŸa insallah diziden cikar Ã¸lsun inÅŸallah kendini biÅŸey sanÄ±yor bide alevin bir sucu yokmus masummus gibi davranÄ±yor pislik cadÄ± kÃ¼Ã§Ã¼cÃ¼k boyuyla herkese kafa tutuyo,2023-12-24T08:52:25Z,0,0
@gamze5267,Alevin yÃ¼zsÃ¼zlÃ¼ÄŸÃ¼ sinirlerimi tepeme Ã§Ä±karÄ±yor Ã§akma feminist,2023-12-24T08:49:07Z,0,0
@oezlemgueltaslar8530,"Alev gercekten Mustafaya, Umuta birde Nursema nasil yapabildin bÃ¶yle birseyi.  Insanlari suclayarak kendini Mahsummu zannediyorsun. Tam bir Pisliksin gercekten. Simdi bu olaylarda Fatihle, Doganin ne sucu. Onlari Maaf etcem diyor Pembe. Birde kendi Kizini. Vay be.",2023-12-24T08:46:48Z,0,0
@nevnev8488,KadÄ±n duyarÄ± kasayÄ±m derken metrese yazdÄ±klarÄ± sahnelere bak asfhasf  dokunaklÄ± kadÄ±n savunucusu yaptÄ±lar alev kaÅŸarÄ±nÄ± da,2023-12-24T08:46:38Z,0,0
@MuhammetEymen-ue3pk,"<a href=""https://www.youtube.com/watch?v=zvxNkUoKbA0&amp;t=1h46m59s"">1:46:59</a> buda hapse girmesin jsjjshdhsidj",2023-12-24T08:46:17Z,1,0
@cansukaya3695,Noldu pembik doÄŸanÄ±n aÄŸzÄ±na sÄ±Ã§mÄ±ÅŸtÄ±nÄ±z el birliÄŸiyle,2023-12-24T08:45:24Z,0,0
@user-wr1yr6ni7q,Her bÃ¶lÃ¼mde bir mazeme reklam olunuyur.Bu defaki reklam Pril.ğŸ˜‚,2023-12-24T08:45:18Z,0,0
@user-cw3,Nah yaparsÄ±n pinko!,2023-12-24T08:42:11Z,1,1
@ilhanincesu8376,Ã–mer Ã¶lÃ¼mcÃ¼l bir ameliyattan sonra ayaklanmasÄ± duygusallÄ±ÄŸÄ± daÄŸÄ±ttÄ±ÄŸÄ± hastane lobisinde sohbetler ve duygularÄ±nÄ± kivilcima aÃ§masÄ± onu bÄ±rak kivilciminda Ertugrul Beye meyillenmesi keyfimi kaÃ§Ä±rmadÄ± degil kotuydu ğŸ˜®ğŸ˜®ğŸ˜®,2023-12-24T08:41:04Z,1,0
@saadetizgi9335,Doga karakterli insanlar sevimsiz oluyor sonrada bizi sevmiyorlar deniliyorğŸ˜‚,2023-12-24T08:40:51Z,2,0
@sailebabayeva7498,Alevi bin beter olsun yuva yÄ±kan babasÄ± yaÅŸÄ±ndadÄ±,2023-12-24T08:39:17Z,0,0
@nurergen1987,Fatih ilk defa suÃ§suz ğŸ˜…,2023-12-24T08:38:41Z,2,0
@nehir5464,doÄŸa abarttÄ± gercekten,2023-12-24T08:38:39Z,1,0
@sailebabayeva7498,DoqanÄ±n sayqÄ±sÄ±zlÄ±qÄ±,2023-12-24T08:38:27Z,1,0
@ilhanincesu8376,Evin tatlÄ± yÄ±lanÄ± kim sizce ?? Bence NÄ°LAYğŸ˜®ğŸ˜®,2023-12-24T08:38:27Z,0,0
@orhanuzakk,Umutâ€™un olayÄ± arabayÄ± satÄ±n gÃ¼zellik merkezi aÃ§Ä±p incelemeye alÄ±nmadÄ± ve hapise dÃ¼ÅŸmesi ğŸ˜€ benzer iÅŸler,2023-12-24T08:37:42Z,0,0
@mahirehuseynova4040,Pembeye Ã¼zÃ¼ldÃ¼m gercekten.Yani hic hakk etdi falan diyemem. Evet yanlÄ±ÅŸlarÄ± oldu ama bu kadari da fazla bemce . yÃ¼zsÃ¼zler ya hunlar,2023-12-24T08:36:44Z,1,0
@user-bu3yg4fw8o,KÄ°VÄ°LCÄ°M HATA YApti ADAM ANLATTI Ä°TÄ°RAF ETTÄ° ONU DÃœÅÃœNDÃœÄÃœ Ä°CÄ°N YALAN SÃ–YLEDÄ° AMA O ERTURULU SECTÄ° BRAVO Ã–MER KADAR SEVMÄ°YORMUS,2023-12-24T08:34:08Z,0,0
@gamzecnesn6383,Nur Sema&#39;nÄ±n onda gÃ¶zÃ¼m yok bunda gÃ¶zÃ¼m yok diye diye eldeki avuÃ§takini satmasÄ± ajdjdjdjddj,2023-12-24T08:34:07Z,0,0
@eceee3505,DoÄŸa cok kotu ..,2023-12-24T08:33:58Z,1,0
@pink_black789,biÅŸe diycem pembe nursemayÄ± odalara kliitliyodu ÅŸmdi onsuz yapamÄ±yo nursema olmasa pembeye kimse destek olamazdÄ±,2023-12-24T08:33:17Z,0,0
@e.turkish3280,Bunlar da diziye yeni eleman almamak iÃ§in kendi boklarÄ±nda patinaj yapÄ±yormuÅŸ herkes birbiriyle sevgili,2023-12-24T08:32:20Z,0,0
@uhruc1937,Pembe sen kocanÄ± cennette hurilerle nasÄ±l paylaÅŸacaksin ğŸ¤£,2023-12-24T08:31:29Z,0,0
@nehir5464,ertugrul gercekten kÄ±vÄ±lcÄ±mla omerin esi olarak tanÄ±stÄ± bu yaptÄ±gÄ± serefsizlikten baska bir sey degil,2023-12-24T08:28:25Z,1,0
@IlahaElciyeva,Ya dua nekadar sayqÄ±sÄ±z,2023-12-24T08:27:17Z,1,0
@SevincMemmedova-te2fz,Alevin gercek yuzu son sahnede ortaya cokdi.alev ne gercek bir arkadas ne gercek bir dost bile diyilmis kemdisi icin ukutu nursemayi bile yakti,2023-12-24T08:26:09Z,1,0
@nonamenoname2767,MÄ±ymÄ±y mihri Ä±yy,2023-12-24T08:25:25Z,0,0
@ebrusubas7488,HanÄ±mÄ±nÄ±n arabasÄ±nÄ± satmak! heralde evlenen bÃ¼tÃ¼n erkeklerin aklÄ±na ilk bu geliyor genetik kod galiba,2023-12-24T08:23:42Z,0,0
@alisiimkeremimm6278,Åu pembe Ã§ekecek hem kendi edepsizliÄŸinden hemde nilaydan sÃ¼rÃ¼nsÃ¼nler ikiside,2023-12-24T08:19:21Z,0,0
@nurayakay4251,Umut ve Alev dostluÄŸu o kadar toksik ki. Alev umutun onu her koÅŸulda destekleyeceÄŸini bildiÄŸinden karÄ±sÄ± hakkÄ±nda nasÄ±l rahat rahat konuÅŸuyor ya delirdim.,2023-12-24T08:18:43Z,2,0
@user-ep6xi1pw7f,Bu dizi neden boykot Ã¼rÃ¼nleri reklam yapÄ±p gÃ¶zÃ¼mÃ¼ze sokuyor,2023-12-24T08:18:40Z,0,0
@koalaprens7416,rahimcan kapkap,2023-12-24T08:17:56Z,0,0
@siembx9256,Offfff fatih annemde annem yeter yağŸ˜’,2023-12-24T08:16:28Z,0,0
@elmirehmedov1259,Alevin hepisinin yaninda umutuda satmasi hic arkadasliga yakismadi oysaki umut bildiyi halde onu korumak icin kimseye soylememisdi ben umutun yerinde olsam aleve selam bile vermem,2023-12-24T08:15:01Z,2,0
@habibekart6518,Ã–mer  bu baloncuktan soÄŸuk denize girerekmi kurtuldu acaba??,2023-12-24T08:14:55Z,0,0
@eylo6027,Alev derdin ne senin? Åu son sahnedeki boÅŸ boÅŸ konuÅŸman!!! Nekadar nankÃ¶rsÃ¼n ğŸ¤¢,2023-12-24T08:14:01Z,1,0
@sevilgungor8335,Chuky le chuky in geliniğŸ˜‚ğŸ˜‚ilahi DoÄŸa,2023-12-24T08:13:36Z,0,0
@persian-eb4ot,Fatih karÄ±sÄ± iÃ§in kestiÄŸi ahkemleri  alev iÃ§inde kesse ya,2023-12-24T08:12:26Z,0,0
@me_il,1.04.32 Ã§akiyle Ã§akinin gelini doÄŸaaaaa  yaaaaağŸ˜ŠğŸ¤­,2023-12-24T08:11:39Z,0,0
@gunelmemmedova4593,ğŸ˜®ğŸ˜¢â¤ğŸ˜Š,2023-12-24T08:11:16Z,1,0
@atashakgem,"These women are so lucky one after one meet good men all willing marry them! Roozgar is a nice man , he is right he didnâ€™t do the bad thing , no reason he should shy away ,,, that Alev so daring!",2023-12-24T08:08:44Z,0,0
@tamamdr.5637,Ã–mer sanÄ±rÄ±m gripti hemen ayaklanmÄ±ÅŸğŸ˜‚ğŸ˜‚,2023-12-24T08:06:37Z,0,0
@nadiye3497,"Umut alevin yanÄ±nda Ã§alÄ±ÅŸÄ±yor, alev apoyla birlikte, aponun oÄŸlu alevin yegeniyle evli ğŸ¤¯ğŸ˜µâ€ğŸ’«ğŸ¤ª Ã§ok bilinmeyenli denklem gibiğŸ˜‚ğŸ˜‚ bilin bakalÄ±m rÃ¼zgarÄ±n ayakkabÄ± numarasÄ± kaÃ§ ğŸ˜‚ğŸ˜‚",2023-12-24T08:05:40Z,0,0
@Feriyanim,DoÄŸa haklÄ± olduÄŸu halde niye bu kadar gÄ±cÄ±k ya. Nursemaâ€™nÄ±n ne suÃ§u var.,2023-12-24T08:05:10Z,0,0
@ozlemoguzozkul5141,Allah bu yaa adaleti hiÃ§ ÅŸaÅŸmaz doÄŸaya yaptÄ±ÄŸÄ±nÄ±n mislisi seni buldu pempe,2023-12-24T08:01:23Z,0,0
@user-pc3ut1nc8s,HER KES BIR DEYIL SEN ARSIZSIN  ALEV PEMBE OYLE BIRI DEYIL DEMEK ISTEDI ALEVğŸ˜‚,2023-12-24T08:00:00Z,0,0
@eceee3505,"Pembenin dugune gidip altin takmasi , cok duygusal bi sahne deÄŸil mi ya ... Ozunde cok iyi kadin ğŸ’•",2023-12-24T07:58:51Z,1,0
@devmanmanci2751,Omer&#39;n isik hizinda iyilesmesi ? Lutfen seyirciyle DALGA gecmeyin !,2023-12-24T07:58:14Z,0,0
@bahcemingunlugu6883,Bu umut aleve Ã¢ÅŸÄ±kmÄ±dÄ±r nedir?,2023-12-24T07:56:52Z,0,0
@zara4837,Su Dogadan nifret ediyorum cok terbiyesiz,2023-12-24T07:56:02Z,0,1
@AqshinRustemov,PÉ™mbÉ™dÉ™ sonunda Zulfukara asÄ±k olmazsa ÅŸaÅŸÄ±rÄ±rÄ±m,2023-12-24T07:55:02Z,0,0
@seherdal854,Umutun serefsizligiğŸ˜…,2023-12-24T07:52:43Z,0,0
@user-gl5wt9hq4u,"Pembe hanÄ±m surekli Ã§ocuklatÄ±mÄ± dÃ¼ÅŸÃ¼nÃ¼yorum, Ã§ocuklarÄ±n iyiliÄŸi iÃ§in deyip duruyor. Ama aslÄ±nda sadece kendini dÃ¼ÅŸÃ¼nÃ¼yor. Mustafaya Ã§ok Ã¼zÃ¼ldÃ¼m. IstediÄŸi tel ÅŸey lokanta idi onu da alÄ±yor elinden. Ã‡ok yazÄ±k.",2023-12-24T07:52:07Z,2,0
@mariapugliese1489,"PINK, NEEDS A REATY CHECKâ€¦â€¦.. SHE IS GOING TO MAKE THE WRONG PEOPLE SUFFER",2023-12-24T07:49:20Z,0,0
@sengulcanbaz5927,NeymiÅŸ 40 yÄ±llÄ±k evlide olsan gÃ¼venmiyeceksin kendine kocan aÅŸÄ±k olup gidince ortada kalÄ±veriyorsun dÃ¼nya fani hiÃ§ bir ÅŸeyin garantisi yok bitti deyince gitmesinide bileceksin adam dediki ÅŸimdiye kadar sizin iÃ§in yaÅŸadÄ±m birazda kendim iÃ§in yaÅŸamak istiyorum herkes kendi derdine dÃ¼ÅŸtÃ¼ onu anlamak bile istemediler,2023-12-24T07:48:25Z,0,0
@user-li5vv1nm4c,Ã–merin  balonu patladÄ± ÅŸÃ¼kÃ¼r Ã¼lkece rahatladÄ±k dhdhhdjsksksk,2023-12-24T07:48:16Z,0,0
@cacacaca3761,Ay ÅŸu doÄŸayÄ± ya kendine getirin yada diziden yollayÄ±n saÃ§ma sapan sahnelerini izlemek istemiyoruz,2023-12-24T07:44:49Z,1,0
@SevincMemmedova-te2fz,Alevi diziden ckarin lutfennn,2023-12-24T07:43:53Z,0,0
@aslhanbeydogan920,Allah Alev gibileri umut gibileri kimsenin karÅŸÄ±sÄ±na Ã§Ä±karmasÄ±n ya ne pislik insanlarmÄ±ÅŸ,2023-12-24T07:41:44Z,1,0
@aslhanbeydogan920,Allah herkese vicdan versin ahlak versin ar namus versin gerÃ§ekten . Benim bir tanÄ±dÄ±ÄŸÄ±mÄ±n kÄ±zÄ± kendisinden bÃ¼yÃ¼k evli Ã§ocuklu bir adama aÅŸÄ±k olmuÅŸtu gÃ¶nlÃ¼ dÃ¼ÅŸmÃ¼ÅŸtÃ¼ oysaki evli olduÄŸunu bile bilmiyordu evli olduÄŸunu Ã¶ÄŸrendikten sonra o adamÄ± tamamen aklÄ±ndan sildi tamamen unutmak iÃ§in Ã§abaladÄ± deÄŸil aklÄ±ndan gidip aÃ§Ä±lmak yan yana gelmek bile geÃ§medi insan bÃ¶yle olmalÄ± bencillik beraberinde namussuzluk getirir haysiyetsizlik getirir insan bazÄ± duygularÄ±nÄ± iÃ§inde yaÅŸamalÄ± herkesin bir hayatÄ± bir dÃ¼zeni var bencillik yapmak her zaman iyi deÄŸildir,2023-12-24T07:39:35Z,1,0
@ainurakalbaevna9597,Prilin reklamÄ± Ã§ok iyidiğŸ˜…ğŸ˜…,2023-12-24T07:39:10Z,0,1
@zahidshahbazov5324,Pembe hanim guzel kadinğŸ˜,2023-12-24T07:36:33Z,0,0
@pisipisi00,Atma fatih dedikten sonra fatih&#39;in tamam demesi ğŸ˜‚,2023-12-24T07:35:58Z,1,0
@xxx-vj9xq,"<a href=""https://www.youtube.com/watch?v=zvxNkUoKbA0&amp;t=1h01m48s"">1:01:48</a> hurafemi kendine gwlince ama oyle olmuyo",2023-12-24T07:33:17Z,1,0
@Feriyanim,Mustafa aÅŸk adam yağŸ˜¢,2023-12-24T07:33:17Z,0,0
@SevincMemmedova-te2fz,Pinkonun kadin dusmanligindan alevin aile dagitip cool takilmasindan kivilcimin omere olan buyuk askinin bu kadar cabuk bitmeainden shikilarak diziyi izlemeyi bu bolum itibariyle biraktim.cok sinir oldum,2023-12-24T07:31:49Z,0,0
@samk6051,Pinkos villan origin storyğŸ˜‚ğŸ˜‚ğŸ˜‚,2023-12-24T07:31:25Z,0,0
@RaminMirzeyev-rk3xt,Zzzzzzzzzz,2023-12-24T07:31:09Z,0,0
@user-il7wn2rb8d,Aleve qÄ±cÄ±g olan bir menim,2023-12-24T07:30:48Z,1,0
@NN-mp8ru,DoÄŸanÄ±n olmayacak ÅŸeye sinirlenmesi  abartili,2023-12-24T07:30:41Z,1,0
@HilalUnal-do4vu,Bu dizi kesinlikle final olmamalÄ±ydÄ±  rolÃ¼nÃ¼n herkese profesyonelce oynuyor zaten cuma gÃ¼nlerinin filmi izlemek iÃ§in iple Ã§ekiyorum  KIZILCIK ÅERBETÄ°  FÄ°NAL OLMASIN DESTEK OLALIM FÄ°NAL YAPMAMASI Ä°Ã‡Ä°N ğŸ™ğŸ»,2023-12-24T07:29:49Z,4,0
@ercnyn,pembe ile rÃ¼zgar evlenirse ÅŸaÅŸÄ±rmam :D,2023-12-24T07:29:27Z,2,0
@NergizQasimov,Nilay gercekdenmi hamile,2023-12-24T07:24:28Z,0,0
@trnakmanya7519,Fatin in odasÄ±ndaki tablolarÄ±n korkunÃ§luÄŸu,2023-12-24T07:21:36Z,3,0
@mehmetcakmak5868,Bu dizi bu saatten sonra uzun sÃ¼reli olmayacak gibi hissediyorum.,2023-12-24T07:20:12Z,1,0
@sefiyeniftiyeva7114,Ben   DoÄŸayla Aleve  qÄ±cÄ±k oluram lÃ¼tfen  senaris  Alevede  DoÄŸayada  APOYADA Ã‡OK  PEÅMAN   Ã‡EKSÄ°NLER Ä°NÅALLA!!!,2023-12-24T07:19:35Z,0,0
@esrayut,DoÄŸaya gicik olan bi ben miyim,2023-12-24T07:18:58Z,4,1
@simaybusradogan5544,Tamam iyi hos da Ã§ocuklarÄ±nÄ±n yuvasÄ±nÄ±  dagitip nasil icini sogutacak bu pembe acaba kadina asiri sinir oluyorum kime kÄ±zacagini kimi suclayacagini asla ve asla dogru kestiremiyor dizide kim varsa hepsinin ayri ayri hakkÄ±nÄ± yedi,2023-12-24T07:16:48Z,1,0
@ridvancelik1582,Terbiyesizlik de Ã§aÄŸ atladÄ± doÄŸa hiÃ§ ÅŸaÅŸÄ±rmayÄ±n.,2023-12-24T07:16:09Z,1,0
@SevincMaharramova,Bu umurda kendinden hic Yavuz vermiyor,2023-12-24T07:15:55Z,0,0
@parvinrzayeva7420,Bu dizilerde Ã²kÃ¹z kibi meyve diÅŸleyib Ã§atirlatma olmasa cok gozel,2023-12-24T07:15:41Z,0,0
@ceylandogan9834,Helal sana sÃ¶nmez nine,2023-12-24T07:15:26Z,0,0
@kub76765,Aponun 10 yil sonraki haline hala asik olabilecekmi bakalim Alev hanimğŸ˜œ,2023-12-24T07:13:07Z,1,0
@kub76765,Umutun genisligi acayip.. <br>Alev her firsatta tepesindeydi Aponun uzaklastikca o geldi..,2023-12-24T07:11:51Z,0,0
@buseazab5003,Umut ve alevden midem bulanÄ±yor 2 yÃ¼zsÃ¼z tam kafa dengi insanlarÄ±n huzurunu bozmaktan baÅŸka hiÃ§bir halta yaramÄ±yorlar nursemaya Ã§ok yazÄ±k umut asla dengi deÄŸil basiretsiz bi adam,2023-12-24T07:11:10Z,1,0
@senayerol6090,DoÄŸa ve Fatih birbirine sevgi ve saygÄ±yla davransÄ±n lÃ¼tfen â¤.,2023-12-24T07:08:28Z,1,0
@gulbinakcay7225,"<a href=""https://www.youtube.com/watch?v=zvxNkUoKbA0&amp;t=56m00s"">56:00</a> da Alevin iÄŸrenÃ§liÄŸi",2023-12-24T07:07:05Z,1,0
@senayerol6090,Bir insan doÄŸum yapÄ±nca gÃ¼nahlarÄ± silinir mi?ğŸ˜® SaÃ§ma geldi bana ama. Yani dinin ve Allah&#39;Ä±n adÄ±na konuÅŸmak ne bana garip geliyor,2023-12-24T07:06:55Z,0,1
@user-gn8sz5ko6b,Åimdi pembeyle rÃ¼zgar evleniyomus ne gÃ¼lerim ama KWHSMSVSMWGSNWGSNWHNSHENS,2023-12-24T07:06:51Z,1,0
@ceylandogan9834,DoÄŸa utan ve sus gerÃ§ekten,2023-12-24T07:01:21Z,2,0
@sureyyamehdiyeva5792,Niye Mihrini boyle gosteriyosunuz  hep kapalilarami  yukleniyosunuz Ben kapali deyilim ama burda sirf  onlara ayricaliklik  mesala niye  cimen hep iyi hep guzel Mihriye boyle  rol yapiliyoğŸ˜ bu dizi sadece yapilmiw kapalilarida kotu edib Islami  kucultmek  Allah Bu turklere akil fikir versin bilmiyolarki Islam dunyanin en merhametli ve en guzel dini koruyub  kollayacaklarina   bide dunyaya kotuleme cabasinda,2023-12-24T06:57:26Z,1,0
@oezlemgueltaslar8530,"Aleve zaten hep gicik oluyordum, simdi dahada gicik oluyorum. Ya neler yapti, hala sanki birsey yapmamis hareketler. Ice kafayi yemisya. Yaptiklari, Hareketleri gercekten normal degil. Umutada sÃ¶ylicek laf bulamiyorum. Hala Alevle calismasi cok sacma bence. Nilayda ne kadar cok ortaligi karistiriyor. Pembe cok iyi oynuyor RolÃ¼nÃ¼.",2023-12-24T06:57:23Z,0,0
@zehranovruzova2997,Allah lenet elesin Alev kimi qadinlara,2023-12-24T06:57:01Z,0,0
@ummuhantel9049,su fatihe bÄ±rÄ±sÄ± kazaklarÄ±nÄ± kÄ±ro gÄ±bÄ± pantolon Ä±cÄ±ne koymamasÄ±nÄ± soylesÄ±n,2023-12-24T06:56:53Z,1,0
@kamam.tagiyeva7657,KÄ±vÄ±lÃ§im ve ablasi Ã¼cÃ¼n koca tapmak necede kolaymiÅŸ ğŸ˜‚,2023-12-24T06:53:54Z,0,0
@a.adiguzel2437,"Åimdi KÄ±vÄ±lcÄ±m ErtuÄŸrul ile mi devam edecek, Ã–mer&#39;i unuttuÄŸunu zannetmiyorum. ErtuÄŸrul bu kadar hÄ±zlÄ± olmasaydÄ±n keÅŸke...",2023-12-24T06:52:54Z,0,0
@TebietOrucov,"Her defasinda ben hasta kadÄ±nÄ±m, Ã¶lÃ¼rÃ¼m diyen pembiÅŸ neden Ã¶lmÃ¼yor acabağŸ˜…",2023-12-24T06:51:50Z,1,1
@soltansoltan9650,NiyÉ™sÉ™ kÄ±vÄ±lcÄ±mla É™rturul heÃ§  kÃ¶nlÃ¼mcÉ™ olmadÄ±.Ã¶mÉ™rlÉ™ olsun deyÉ™nlÉ™rr???,2023-12-24T06:50:04Z,1,0
@zeynepdastan6850,Apoyu cesaretlendiren ZÃ¼lkar aslÄ±nda :) Pinko ondan da hesap soracak mÄ±?,2023-12-24T06:50:00Z,0,0
